task,setting,model,ratio,neg_per_pos,n_pos,n_neg,prevalence,auprc,auprc_over_floor,auroc
task1,transductive,cn,orig,0.09112276261073947,5531,504,0.9164871582435791,0.8919428079550175,0.973219100706659,0.40009610334822776
task1,transductive,cn,0.5,0.5,1008,504,0.6666666666666666,0.6108397282080186,0.9162595923120279,0.4041713907785336
task1,transductive,cn,1,1.0,504,504,0.5,0.4500730739816661,0.9001461479633323,0.40973600088183426
task1,transductive,cn,2,2.0,252,504,0.3333333333333333,0.2864611476836312,0.8593834430508935,0.39603804484756866
task1,transductive,cn,5,5.0,100,500,0.16666666666666666,0.1551733276059015,0.931039965635409,0.44277999999999995
task1,transductive,cn,10,10.0,50,500,0.09090909090909091,0.07448133954075194,0.8192947349482713,0.36158
task1,transductive,complex,orig,0.09112276261073947,5531,504,0.9164871582435791,0.8119431180861414,0.8859296180889286,0.15223932639409044
task1,transductive,complex,0.5,0.5,1008,504,0.6666666666666666,0.48697938556284043,0.7304690783442607,0.16454278470647518
task1,transductive,complex,1,1.0,504,504,0.5,0.3317017909516317,0.6634035819032634,0.1566633597883598
task1,transductive,complex,2,2.0,252,504,0.3333333333333333,0.2028995367274907,0.6086986101824722,0.13588907785336357
task1,transductive,complex,5,5.0,100,500,0.16666666666666666,0.09645580424276423,0.5787348254565854,0.14942
task1,transductive,complex,10,10.0,50,500,0.09090909090909091,0.05178946445896793,0.5696841090486473,0.14868
task1,transductive,conve,orig,0.09112276261073947,5531,504,0.9164871582435791,0.8332785447434434,0.9092091877647227,0.18587191098943046
task1,transductive,conve,0.5,0.5,1008,504,0.6666666666666666,0.49802190490484805,0.7470328573572721,0.18529344608213655
task1,transductive,conve,1,1.0,504,504,0.5,0.34045685522563973,0.6809137104512795,0.17789430587049632
task1,transductive,conve,2,2.0,252,504,0.3333333333333333,0.21282584343602495,0.6384775303080749,0.1973025321239607
task1,transductive,conve,5,5.0,100,500,0.16666666666666666,0.10519788438586031,0.6311873063151618,0.22255999999999998
task1,transductive,conve,10,10.0,50,500,0.09090909090909091,0.053076029778821227,0.5838363275670335,0.18092000000000003
task1,transductive,distmult,orig,0.09112276261073947,5531,504,0.9164871582435791,0.9184743635859733,1.002168284983068,0.45940664881633964
task1,transductive,distmult,0.5,0.5,1008,504,0.6666666666666666,0.6929615888441834,1.0394423832662751,0.4811940980095742
task1,transductive,distmult,1,1.0,504,504,0.5,0.5098834619852279,1.0197669239704559,0.45535320609725377
task1,transductive,distmult,2,2.0,252,504,0.3333333333333333,0.3346704796848929,1.0040114390546788,0.459695452254976
task1,transductive,distmult,5,5.0,100,500,0.16666666666666666,0.18378435053408562,1.1027061032045138,0.47142
task1,transductive,distmult,10,10.0,50,500,0.09090909090909091,0.11977483208924694,1.3175231529817164,0.4740400000000001
task1,transductive,l3,orig,0.09112276261073947,5531,504,0.9164871582435791,0.8346816201766809,0.910740115307588,0.1960203384674547
task1,transductive,l3,0.5,0.5,1008,504,0.6666666666666666,0.5098777692064026,0.764816653809604,0.20962262219702693
task1,transductive,l3,1,1.0,504,504,0.5,0.3482641064003868,0.6965282128007736,0.2045756960191484
task1,transductive,l3,2,2.0,252,504,0.3333333333333333,0.21295100201854297,0.638853006055629,0.19423973293020913
task1,transductive,l3,5,5.0,100,500,0.16666666666666666,0.11089637179862333,0.66537823079174,0.25248000000000004
task1,transductive,l3,10,10.0,50,500,0.09090909090909091,0.05224697673653807,0.5747167441019188,0.1633
task1,transductive,pairre,orig,0.09112276261073947,5531,504,0.9164871582435791,0.7814176445961298,0.8526225791245062,0.035530616754626876
task1,transductive,pairre,0.5,0.5,1008,504,0.6666666666666666,0.45600742524616905,0.6840111378692536,0.03957427878558831
task1,transductive,pairre,1,1.0,504,504,0.5,0.3105473726750879,0.6210947453501758,0.04069428697404888
task1,transductive,pairre,2,2.0,252,504,0.3333333333333333,0.1913600255220359,0.5740800765661077,0.035493827160493825
task1,transductive,pairre,5,5.0,100,500,0.16666666666666666,0.08991532482663564,0.5394919489598139,0.037020000000000004
task1,transductive,pairre,10,10.0,50,500,0.09090909090909091,0.04804931272523328,0.5285424399775661,0.02508
task1,transductive,popularity,orig,0.08819420188613343,5726,505,0.9189536190017654,0.8733140165443231,0.9503352492294231,0.30039164761743375
task1,transductive,popularity,0.5,0.5,1010,505,0.6666666666666666,0.5468379404941336,0.8202569107412004,0.29059994118223703
task1,transductive,popularity,1,1.0,505,505,0.5,0.3944749901939348,0.7889499803878696,0.31058523674149596
task1,transductive,popularity,2,2.0,252,504,0.3333333333333333,0.23969126632857962,0.7190737989857389,0.29544989292013096
task1,transductive,popularity,5,5.0,101,505,0.16666666666666666,0.12052791156054031,0.7231674693632419,0.3254876972845799
task1,transductive,popularity,10,10.0,50,500,0.09090909090909091,0.05484181406775516,0.6032599547453067,0.19580000000000003
task1,transductive,ra,orig,0.09112276261073947,5531,504,0.9164871582435791,0.8758522621068294,0.9556623398688693,0.3638141298826527
task1,transductive,ra,0.5,0.5,1008,504,0.6666666666666666,0.5814625738399639,0.8721938607599459,0.3689767573696145
task1,transductive,ra,1,1.0,504,504,0.5,0.4218148168566222,0.8436296337132444,0.37593301209372637
task1,transductive,ra,2,2.0,252,504,0.3333333333333333,0.2679224555262675,0.8037673665788024,0.36337081128747795
task1,transductive,ra,5,5.0,100,500,0.16666666666666666,0.14306422458241766,0.858385347494506,0.40444
task1,transductive,ra,10,10.0,50,500,0.09090909090909091,0.06908907792793238,0.7599798572072561,0.31802
task1,transductive,random,orig,0.08819420188613343,5726,505,0.9189536190017654,0.916731060635261,0.9975814248722163,0.49969705667737574
task1,transductive,random,0.5,0.5,1010,505,0.6666666666666666,0.6650295710993142,0.9975443566489712,0.5001195961180276
task1,transductive,random,1,1.0,505,505,0.5,0.47957712978459044,0.9591542595691809,0.4760160768552103
task1,transductive,random,2,2.0,252,504,0.3333333333333333,0.3177359320495181,0.9532077961485543,0.4800327538422776
task1,transductive,random,5,5.0,101,505,0.16666666666666666,0.15707754883120367,0.942465292987222,0.4805607293402608
task1,transductive,random,10,10.0,50,500,0.09090909090909091,0.10967441706685532,1.2064185877354086,0.47576
task1,transductive,rgcn,orig,0.09112276261073947,5531,504,0.9164871582435791,0.8063231138340845,0.8797975035235401,0.1452487853455129
task1,transductive,rgcn,0.5,0.5,1008,504,0.6666666666666666,0.4836957240326972,0.7255435860490459,0.15523037918871252
task1,transductive,rgcn,1,1.0,504,504,0.5,0.33237541178096175,0.6647508235619235,0.1569074389014865
task1,transductive,rgcn,2,2.0,252,504,0.3333333333333333,0.20404894778136207,0.6121468433440862,0.141211577223482
task1,transductive,rgcn,5,5.0,100,500,0.16666666666666666,0.09767367841615585,0.5860420704969351,0.15897999999999998
task1,transductive,rgcn,10,10.0,50,500,0.09090909090909091,0.05166194108721927,0.568281351959412,0.13716
task1,transductive,rotate,orig,0.09112276261073947,5531,504,0.9164871582435791,0.8682707160162906,0.9473899423536999,0.2848802420986475
task1,transductive,rotate,0.5,0.5,1008,504,0.6666666666666666,0.5708208711205169,0.8562313066807754,0.30741370622323005
task1,transductive,rotate,1,1.0,504,504,0.5,0.39092957398419925,0.7818591479683985,0.29737890526581
task1,transductive,rotate,2,2.0,252,504,0.3333333333333333,0.2370071924948206,0.7110215774844618,0.2796831695641219
task1,transductive,rotate,5,5.0,100,500,0.16666666666666666,0.11237572166043985,0.6742543299626391,0.29002000000000006
task1,transductive,rotate,10,10.0,50,500,0.09090909090909091,0.08680156748325608,0.9548172423158169,0.2706
task1,transductive,transe,orig,0.09112276261073947,5531,504,0.9164871582435791,0.876886742746122,0.9567910852418815,0.34936849445979806
task1,transductive,transe,0.5,0.5,1008,504,0.6666666666666666,0.5796133627227337,0.8694200440841006,0.36247519841269843
task1,transductive,transe,1,1.0,504,504,0.5,0.41425338052868954,0.8285067610573791,0.3667465828924162
task1,transductive,transe,2,2.0,252,504,0.3333333333333333,0.25797584322572487,0.7739275296771746,0.3543398841017889
task1,transductive,transe,5,5.0,100,500,0.16666666666666666,0.12228810721132055,0.7337286432679233,0.34786
task1,transductive,transe,10,10.0,50,500,0.09090909090909091,0.06504145818095608,0.7154560399905169,0.33868
task1,transductive,tucker,orig,0.09112276261073947,5531,504,0.9164871582435791,0.8960348807496361,0.9776840544791275,0.364885292995038
task1,transductive,tucker,0.5,0.5,1008,504,0.6666666666666666,0.625770643663325,0.9386559654949875,0.38068664965986393
task1,transductive,tucker,1,1.0,504,504,0.5,0.4496704422000919,0.8993408844001838,0.36885078105316205
task1,transductive,tucker,2,2.0,252,504,0.3333333333333333,0.28976374115867265,0.869291223476018,0.3715199042579995
task1,transductive,tucker,5,5.0,100,500,0.16666666666666666,0.15623937859594791,0.9374362715756875,0.43012
task1,transductive,tucker,10,10.0,50,500,0.09090909090909091,0.0639218750510557,0.7031406255616127,0.31903999999999993
task1,transductive_with_bridges,cn,orig,0.09112276261073947,5531,504,0.9164871582435791,0.8776368185852776,0.9576095100636686,0.33861363655930643
task1,transductive_with_bridges,cn,0.5,0.5,1008,504,0.6666666666666666,0.5743827805495308,0.8615741708242963,0.33932803445452253
task1,transductive_with_bridges,cn,1,1.0,504,504,0.5,0.40765383110591064,0.8153076622118213,0.3318747637944067
task1,transductive_with_bridges,cn,2,2.0,252,504,0.3333333333333333,0.26280324155660373,0.7884097246698112,0.3484819853867473
task1,transductive_with_bridges,cn,5,5.0,100,500,0.16666666666666666,0.15576966150105376,0.9346179690063225,0.40551000000000004
task1,transductive_with_bridges,cn,10,10.0,50,500,0.09090909090909091,0.06694519513554989,0.7363971464910488,0.29952
task1,transductive_with_bridges,complex,orig,0.09112276261073947,5531,504,0.9164871582435791,0.8894910499209369,0.9705439317072598,0.3468929095172089
task1,transductive_with_bridges,complex,0.5,0.5,1008,504,0.6666666666666666,0.6038030757926633,0.905704613688995,0.36332160178886375
task1,transductive_with_bridges,complex,1,1.0,504,504,0.5,0.4457645650365069,0.8915291300730138,0.3518636621315193
task1,transductive_with_bridges,complex,2,2.0,252,504,0.3333333333333333,0.2650720588410236,0.7952161765230708,0.33770313681027964
task1,transductive_with_bridges,complex,5,5.0,100,500,0.16666666666666666,0.1288077517551172,0.7728465105307032,0.34186000000000005
task1,transductive_with_bridges,complex,10,10.0,50,500,0.09090909090909091,0.0640779807637619,0.7048577884013808,0.28628000000000003
task1,transductive_with_bridges,conve,orig,0.09112276261073947,5531,504,0.9164871582435791,0.8741401472005834,0.9537942123224591,0.37502959509603884
task1,transductive_with_bridges,conve,0.5,0.5,1008,504,0.6666666666666666,0.57618242895552,0.86427364343328,0.3732835726883346
task1,transductive_with_bridges,conve,1,1.0,504,504,0.5,0.4104242665888708,0.8208485331777416,0.3697011211892164
task1,transductive_with_bridges,conve,2,2.0,252,504,0.3333333333333333,0.26811917911811395,0.8043575373543419,0.393337427563618
task1,transductive_with_bridges,conve,5,5.0,100,500,0.16666666666666666,0.13820852590465574,0.8292511554279345,0.42108
task1,transductive_with_bridges,conve,10,10.0,50,500,0.09090909090909091,0.07101068333708091,0.78111751670789,0.37988
task1,transductive_with_bridges,distmult,orig,0.09112276261073947,5531,504,0.9164871582435791,0.8018272054993489,0.8748919156008987,0.12679077235667363
task1,transductive_with_bridges,distmult,0.5,0.5,1008,504,0.6666666666666666,0.4781922103297789,0.7172883154946683,0.1344305083144369
task1,transductive_with_bridges,distmult,1,1.0,504,504,0.5,0.32643036500368794,0.6528607300073759,0.1296926177878559
task1,transductive_with_bridges,distmult,2,2.0,252,504,0.3333333333333333,0.20135388334213605,0.6040616500264082,0.11785084404132022
task1,transductive_with_bridges,distmult,5,5.0,100,500,0.16666666666666666,0.09659874399385,0.5795924639631,0.14196000000000003
task1,transductive_with_bridges,distmult,10,10.0,50,500,0.09090909090909091,0.05074941661327251,0.5582435827459976,0.11524
task1,transductive_with_bridges,l3,orig,0.09112276261073947,5531,504,0.9164871582435791,0.8400678390532779,0.9166171413282467,0.20777299951499917
task1,transductive_with_bridges,l3,0.5,0.5,1008,504,0.6666666666666666,0.5168615838284875,0.7752923757427312,0.2217655580750819
task1,transductive_with_bridges,l3,1,1.0,504,504,0.5,0.3525753897844727,0.7051507795689455,0.207890447845805
task1,transductive_with_bridges,l3,2,2.0,252,504,0.3333333333333333,0.21818060865404995,0.6545418259621499,0.2110654446963971
task1,transductive_with_bridges,l3,5,5.0,100,500,0.16666666666666666,0.11187630585414175,0.6712578351248506,0.26304
task1,transductive_with_bridges,l3,10,10.0,50,500,0.09090909090909091,0.054080510362249874,0.5948856139847486,0.17149999999999999
task1,transductive_with_bridges,pairre,orig,0.09112276261073947,5531,504,0.9164871582435791,0.7778288173496919,0.8487067280248402,0.02218197289160948
task1,transductive_with_bridges,pairre,0.5,0.5,1008,504,0.6666666666666666,0.45396204261348966,0.6809430639202345,0.023041855631141337
task1,transductive_with_bridges,pairre,1,1.0,504,504,0.5,0.3091948979932709,0.6183897959865418,0.022900132275132268
task1,transductive_with_bridges,pairre,2,2.0,252,504,0.3333333333333333,0.1907603559589283,0.5722810678767849,0.019494834971025436
task1,transductive_with_bridges,pairre,5,5.0,100,500,0.16666666666666666,0.08978639382704115,0.538718362962247,0.018460000000000008
task1,transductive_with_bridges,pairre,10,10.0,50,500,0.09090909090909091,0.04807566134183394,0.5288322747601734,0.02312
task1,transductive_with_bridges,popularity,orig,0.08819420188613343,5726,505,0.9189536190017654,0.8702729387644518,0.9470259660218824,0.29296504047889943
task1,transductive_with_bridges,popularity,0.5,0.5,1010,505,0.6666666666666666,0.5470081317839968,0.8205121976759951,0.28489265758258997
task1,transductive_with_bridges,popularity,1,1.0,505,505,0.5,0.38581005203545954,0.7716201040709191,0.29986275855308303
task1,transductive_with_bridges,popularity,2,2.0,252,504,0.3333333333333333,0.23549493469982707,0.7064848040994812,0.27578184051398336
task1,transductive_with_bridges,popularity,5,5.0,101,505,0.16666666666666666,0.11491956996005818,0.6895174197603492,0.2925301441035193
task1,transductive_with_bridges,popularity,10,10.0,50,500,0.09090909090909091,0.05472261347239091,0.6019487481963,0.20027999999999999
task1,transductive_with_bridges,ra,orig,0.09112276261073947,5531,504,0.9164871582435791,0.8700662289077774,0.9493490673401621,0.3284461964741299
task1,transductive_with_bridges,ra,0.5,0.5,1008,504,0.6666666666666666,0.565248242971556,0.8478723644573339,0.3315302973041068
task1,transductive_with_bridges,ra,1,1.0,504,504,0.5,0.40415335641619105,0.8083067128323821,0.33083742756361806
task1,transductive_with_bridges,ra,2,2.0,252,504,0.3333333333333333,0.25461683366096455,0.7638505009828936,0.33178618669690096
task1,transductive_with_bridges,ra,5,5.0,100,500,0.16666666666666666,0.13944170349112517,0.836650220946751,0.38267
task1,transductive_with_bridges,ra,10,10.0,50,500,0.09090909090909091,0.06478574408156741,0.7126431848972415,0.27892
task1,transductive_with_bridges,random,orig,0.08819420188613343,5726,505,0.9189536190017654,0.916082981955649,0.9968761894106966,0.48660789935088516
task1,transductive_with_bridges,random,0.5,0.5,1010,505,0.6666666666666666,0.6596785884812643,0.9895178827218964,0.4876090579354966
task1,transductive_with_bridges,random,1,1.0,505,505,0.5,0.483396144395417,0.966792288790834,0.4753337908048231
task1,transductive_with_bridges,random,2,2.0,252,504,0.3333333333333333,0.3158825328110021,0.9476475984330063,0.4677658100277148
task1,transductive_with_bridges,random,5,5.0,101,505,0.16666666666666666,0.16449978427006356,0.9869987056203814,0.5018135476914029
task1,transductive_with_bridges,random,10,10.0,50,500,0.09090909090909091,0.10612017317101465,1.1673219048811612,0.5545999999999999
task1,transductive_with_bridges,rotate,orig,0.09112276261073947,5531,504,0.9164871582435791,0.8717405069745681,0.9511759102497773,0.301410627832161
task1,transductive_with_bridges,rotate,0.5,0.5,1008,504,0.6666666666666666,0.5674526202232073,0.851178930334811,0.31238977072310403
task1,transductive_with_bridges,rotate,1,1.0,504,504,0.5,0.3977698090109238,0.7955396180218476,0.3056264172335601
task1,transductive_with_bridges,rotate,2,2.0,252,504,0.3333333333333333,0.24494681061553583,0.7348404318466075,0.3087600781053162
task1,transductive_with_bridges,rotate,5,5.0,100,500,0.16666666666666666,0.12394389077881739,0.7436633446729044,0.3189
task1,transductive_with_bridges,rotate,10,10.0,50,500,0.09090909090909091,0.0917808793758988,1.0095896731348868,0.29756
task1,transductive_with_bridges,transe,orig,0.09112276261073947,5531,504,0.9164871582435791,0.9709468984612248,1.0594222621973408,0.7511793197360905
task1,transductive_with_bridges,transe,0.5,0.5,1008,504,0.6666666666666666,0.882975146629122,1.3244627199436831,0.776021982867221
task1,transductive_with_bridges,transe,1,1.0,504,504,0.5,0.793484067708915,1.58696813541783,0.7590821050642479
task1,transductive_with_bridges,transe,2,2.0,252,504,0.3333333333333333,0.6712934173174044,2.0138802519522137,0.7574483497102544
task1,transductive_with_bridges,transe,5,5.0,100,500,0.16666666666666666,0.5447549103460959,3.2685294620765757,0.7923
task1,transductive_with_bridges,transe,10,10.0,50,500,0.09090909090909091,0.379341566121719,4.172757227338908,0.70532
task1,cold_microbe,cn,orig,0.034983252698176405,2687,94,0.9661992089176555,0.9629266340228071,0.9966129397906314,0.4823262516925465
task1,cold_microbe,cn,0.5,0.5,188,94,0.6666666666666666,0.6541612541546352,0.9812418812319529,0.49759506564056133
task1,cold_microbe,cn,1,1.0,94,94,0.5,0.48325361310657583,0.9665072262131517,0.47459257582616565
task1,cold_microbe,cn,2,2.0,47,94,0.3333333333333333,0.31853731536347574,0.9556119460904272,0.45925758261656857
task1,cold_microbe,complex,orig,0.034983252698176405,2687,94,0.9661992089176555,0.9579538209580778,0.9914661615498378,0.4945680146331035
task1,cold_microbe,complex,0.5,0.5,188,94,0.6666666666666666,0.6284947382842538,0.9427421074263808,0.4953598913535536
task1,cold_microbe,complex,1,1.0,94,94,0.5,0.4562257337624269,0.9124514675248538,0.4848347668628339
task1,cold_microbe,complex,2,2.0,47,94,0.3333333333333333,0.33032841570435034,0.990985247113051,0.48800362154821186
task1,cold_microbe,conve,orig,0.034983252698176405,2687,94,0.9661992089176555,0.9642292571373363,0.9979611328987467,0.41658418389566787
task1,cold_microbe,conve,0.5,0.5,188,94,0.6666666666666666,0.6801081477105133,1.02016222156577,0.447713897691263
task1,cold_microbe,conve,1,1.0,94,94,0.5,0.5055315525643225,1.011063105128645,0.414440923494794
task1,cold_microbe,conve,2,2.0,47,94,0.3333333333333333,0.39314004796861307,1.1794201439058394,0.4291534631054776
task1,cold_microbe,distmult,orig,0.034983252698176405,2687,94,0.9661992089176555,0.9090885508866947,0.9408914253873829,0.28303335999176493
task1,cold_microbe,distmult,0.5,0.5,188,94,0.6666666666666666,0.5236191538331937,0.7854287307497906,0.28378225441376187
task1,cold_microbe,distmult,1,1.0,94,94,0.5,0.37456366057094587,0.7491273211418917,0.28078315980081486
task1,cold_microbe,distmult,2,2.0,47,94,0.3333333333333333,0.2444459026850676,0.7333377080552028,0.28791308284291534
task1,cold_microbe,l3,orig,0.034983252698176405,2687,94,0.9661992089176555,0.9586236502424361,0.9921594236413155,0.4403986095384397
task1,cold_microbe,l3,0.5,0.5,188,94,0.6666666666666666,0.650063536703275,0.9750953050549125,0.4842971933001359
task1,cold_microbe,l3,1,1.0,94,94,0.5,0.4626754108441338,0.9253508216882677,0.44352648257129923
task1,cold_microbe,l3,2,2.0,47,94,0.3333333333333333,0.32499788677808705,0.9749936603342612,0.46763241285649615
task1,cold_microbe,pairre,orig,0.034983252698176405,2687,94,0.9661992089176555,0.9201205581304457,0.9523093681283101,0.16265074551227737
task1,cold_microbe,pairre,0.5,0.5,188,94,0.6666666666666666,0.5069616699079367,0.760442504861905,0.18990493435943867
task1,cold_microbe,pairre,1,1.0,94,94,0.5,0.33985946050604005,0.6797189210120801,0.16953372566772296
task1,cold_microbe,pairre,2,2.0,47,94,0.3333333333333333,0.22018793456298552,0.6605638036889566,0.20507016749660478
task1,cold_microbe,popularity,orig,0.0329246935201401,2855,94,0.9681247880637505,0.9479067852086871,0.9791163255973444,0.28889592726459734
task1,cold_microbe,popularity,0.5,0.5,188,94,0.6666666666666666,0.5464642379384637,0.8196963569076955,0.2850271616115889
task1,cold_microbe,popularity,1,1.0,94,94,0.5,0.3980167009111429,0.7960334018222858,0.31626301493888637
task1,cold_microbe,popularity,2,2.0,47,94,0.3333333333333333,0.26869167002824823,0.8060750100847447,0.3459710276143051
task1,cold_microbe,ra,orig,0.034983252698176405,2687,94,0.9661992089176555,0.9536617627141686,0.9870239531477867,0.4522127817941388
task1,cold_microbe,ra,0.5,0.5,188,94,0.6666666666666666,0.6159659512381067,0.9239489268571601,0.46517089180624716
task1,cold_microbe,ra,1,1.0,94,94,0.5,0.450943938215727,0.901887876431454,0.4649162516976007
task1,cold_microbe,ra,2,2.0,47,94,0.3333333333333333,0.28783579601684606,0.8635073880505382,0.4283612494341331
task1,cold_microbe,random,orig,0.0329246935201401,2855,94,0.9681247880637505,0.9717108622944856,1.0037041446257224,0.5146178783023437
task1,cold_microbe,random,0.5,0.5,188,94,0.6666666666666666,0.7076935644993982,1.0615403467490974,0.5215029425079222
task1,cold_microbe,random,1,1.0,94,94,0.5,0.5575903296494155,1.115180659298831,0.5271616115889542
task1,cold_microbe,random,2,2.0,47,94,0.3333333333333333,0.39462998132543026,1.1838899439762909,0.5330466274332277
task1,cold_microbe,rgcn,orig,0.034983252698176405,2687,94,0.9661992089176555,0.9924553835111174,1.0271747009841523,0.8270078945909778
task1,cold_microbe,rgcn,0.5,0.5,188,94,0.6666666666666666,0.9046809376424416,1.3570214064636625,0.811453146220009
task1,cold_microbe,rgcn,1,1.0,94,94,0.5,0.8583608852334139,1.7167217704668278,0.8363512901765504
task1,cold_microbe,rgcn,2,2.0,47,94,0.3333333333333333,0.7820332699243066,2.34609980977292,0.8666817564508829
task1,cold_microbe,rotate,orig,0.034983252698176405,2687,94,0.9661992089176555,0.9653922445662027,0.9991648054107218,0.4609427582766512
task1,cold_microbe,rotate,0.5,0.5,188,94,0.6666666666666666,0.6933482656863499,1.040022398529525,0.5015278406518786
task1,cold_microbe,rotate,1,1.0,94,94,0.5,0.5198383530350349,1.0396767060700698,0.4687641466727026
task1,cold_microbe,rotate,2,2.0,47,94,0.3333333333333333,0.3625734534619539,1.0877203603858618,0.454051607062019
task1,cold_microbe,transe,orig,0.034983252698176405,2687,94,0.9661992089176555,0.9727494399895399,1.0067793794607036,0.5392116494706586
task1,cold_microbe,transe,0.5,0.5,188,94,0.6666666666666666,0.7242629665682745,1.0863944498524118,0.5478723404255319
task1,cold_microbe,transe,1,1.0,94,94,0.5,0.5833509475851192,1.1667018951702384,0.5365550022634676
task1,cold_microbe,transe,2,2.0,47,94,0.3333333333333333,0.3942352838153176,1.1827058514459527,0.5289723856948846
task1,cold_disease,cn,orig,0.04045643153526971,1928,78,0.9611166500498505,0.9595172952004041,0.9983359409605864,0.48144416959250985
task1,cold_disease,cn,0.5,0.5,156,78,0.6666666666666666,0.6555330634278003,0.9832995951417004,0.46437376725838264
task1,cold_disease,cn,1,1.0,78,78,0.5,0.4893162393162393,0.9786324786324786,0.4675378040762656
task1,cold_disease,cn,2,2.0,39,78,0.3333333333333333,0.3254437869822485,0.9763313609467456,0.4738658777120316
task1,cold_disease,complex,orig,0.04045643153526971,1928,78,0.9611166500498505,0.9403057288714819,0.9783471432137929,0.5595342589637196
task1,cold_disease,complex,0.5,0.5,156,78,0.6666666666666666,0.6306675028702626,0.946001254305394,0.5544871794871795
task1,cold_disease,complex,1,1.0,78,78,0.5,0.4937310677280813,0.9874621354561626,0.5802103879026956
task1,cold_disease,complex,2,2.0,39,78,0.3333333333333333,0.33471677135747,1.0041503140724102,0.5657462195923735
task1,cold_disease,conve,orig,0.04045643153526971,1928,78,0.9611166500498505,0.9210722781606783,0.9583355757211206,0.2131942227896585
task1,cold_disease,conve,0.5,0.5,156,78,0.6666666666666666,0.508893556326153,0.7633403344892294,0.1946088099934254
task1,cold_disease,conve,1,1.0,78,78,0.5,0.34475840711801053,0.6895168142360211,0.17324128862590402
task1,cold_disease,conve,2,2.0,39,78,0.3333333333333333,0.25301091623194716,0.7590327486958415,0.30111768573307035
task1,cold_disease,distmult,orig,0.04045643153526971,1928,78,0.9611166500498505,0.928203864226069,0.9657556803099038,0.4576417704011065
task1,cold_disease,distmult,0.5,0.5,156,78,0.6666666666666666,0.5938569549026189,0.8907854323539284,0.47181130834976986
task1,cold_disease,distmult,1,1.0,78,78,0.5,0.43593981339312926,0.8718796267862585,0.4648257725180802
task1,cold_disease,distmult,2,2.0,39,78,0.3333333333333333,0.2834586643625927,0.8503759930877781,0.44017094017094016
task1,cold_disease,l3,orig,0.04045643153526971,1928,78,0.9611166500498505,0.953205686748981,0.9917689873539709,0.4257135067560378
task1,cold_disease,l3,0.5,0.5,156,78,0.6666666666666666,0.6231796639444425,0.9347694959166637,0.4099687705456936
task1,cold_disease,l3,1,1.0,78,78,0.5,0.44616529461347604,0.8923305892269521,0.3561801446416831
task1,cold_disease,l3,2,2.0,39,78,0.3333333333333333,0.3152018833166024,0.9456056499498073,0.4477317554240631
task1,cold_disease,pairre,orig,0.04045643153526971,1928,78,0.9611166500498505,0.8784526808573133,0.9139917415973913,0.054799712735397375
task1,cold_disease,pairre,0.5,0.5,156,78,0.6666666666666666,0.46065869883821975,0.6909880482573296,0.048898750821827736
task1,cold_disease,pairre,1,1.0,78,78,0.5,0.3159002429411499,0.6318004858822998,0.04947403024326101
task1,cold_disease,pairre,2,2.0,39,78,0.3333333333333333,0.19698580297561946,0.5909574089268584,0.05193951347797501
task1,cold_disease,popularity,orig,0.039473684210526314,1976,78,0.9620253164556962,0.9626815947664008,1.0006821840334956,0.5135666459047026
task1,cold_disease,popularity,0.5,0.5,156,78,0.6666666666666666,0.6662809855843237,0.9994214783764855,0.5051775147928994
task1,cold_disease,popularity,1,1.0,78,78,0.5,0.4891090262872441,0.9782180525744882,0.48298816568047337
task1,cold_disease,popularity,2,2.0,39,78,0.3333333333333333,0.350534188034188,1.0516025641025641,0.5379684418145957
task1,cold_disease,ra,orig,0.04045643153526971,1928,78,0.9611166500498505,0.9576930606088946,0.9964379043472212,0.47943930205340995
task1,cold_disease,ra,0.5,0.5,156,78,0.6666666666666666,0.6497956965062228,0.9746935447593342,0.46264792899408286
task1,cold_disease,ra,1,1.0,78,78,0.5,0.49102564102564106,0.9820512820512821,0.46778435239973704
task1,cold_disease,ra,2,2.0,39,78,0.3333333333333333,0.327284681130835,0.9818540433925049,0.4741946088099934
task1,cold_disease,random,orig,0.039473684210526314,1976,78,0.9620253164556962,0.9666331618244008,1.0047897340016798,0.5338225371120109
task1,cold_disease,random,0.5,0.5,156,78,0.6666666666666666,0.6924014282511108,1.0386021423766663,0.5327087442472057
task1,cold_disease,random,1,1.0,78,78,0.5,0.526401530878779,1.052803061757558,0.5382971729125574
task1,cold_disease,random,2,2.0,39,78,0.3333333333333333,0.3237537194962208,0.9712611584886623,0.4976988823142669
task1,cold_disease,rgcn,orig,0.04045643153526971,1928,78,0.9611166500498505,0.9597638874087567,0.9985925094097334,0.4875186190020215
task1,cold_disease,rgcn,0.5,0.5,156,78,0.6666666666666666,0.6698630224573203,1.0047945336859805,0.482577251808021
task1,cold_disease,rgcn,1,1.0,78,78,0.5,0.46029118976066874,0.9205823795213375,0.44345825115055887
task1,cold_disease,rgcn,2,2.0,39,78,0.3333333333333333,0.36512512380151785,1.0953753714045535,0.5292570677186061
task1,cold_disease,rotate,orig,0.04045643153526971,1928,78,0.9611166500498505,0.9510855078638811,0.9895630335969634,0.3811176720927758
task1,cold_disease,rotate,0.5,0.5,156,78,0.6666666666666666,0.5867497798092005,0.8801246697138008,0.3465647600262985
task1,cold_disease,rotate,1,1.0,78,78,0.5,0.43696758530539637,0.8739351706107927,0.35913872452333995
task1,cold_disease,rotate,2,2.0,39,78,0.3333333333333333,0.2958405918430376,0.8875217755291129,0.3527284681130835
task1,cold_disease,transe,orig,0.04045643153526971,1928,78,0.9611166500498505,0.9569748965334063,0.9956906859159819,0.41538328545589953
task1,cold_disease,transe,0.5,0.5,156,78,0.6666666666666666,0.6220483748617077,0.9330725622925616,0.3780407626561473
task1,cold_disease,transe,1,1.0,78,78,0.5,0.49889487738291216,0.9977897547658243,0.4235700197238659
task1,cold_disease,transe,2,2.0,39,78,0.3333333333333333,0.3326276488672385,0.9978829466017155,0.37113740959894803
task2,B,cn,orig,0.0347788750536711,2329,81,0.9663900414937759,0.9836646499045179,1.0178753998582601,0.7500013252124316
task2,B,cn,0.5,0.5,162,81,0.6666666666666666,0.8180636056184805,1.2270954084277208,0.7443225118122239
task2,B,cn,1,1.0,81,81,0.5,0.7134074874786949,1.4268149749573897,0.745237006553879
task2,B,cn,2,2.0,40,80,0.3333333333333333,0.5958100722806605,1.7874302168419816,0.7403124999999999
task2,B,complex,orig,0.0347788750536711,2329,81,0.9663900414937759,0.9744286432674176,1.0083181753003334,0.5425896771252432
task2,B,complex,0.5,0.5,162,81,0.6666666666666666,0.7206652214518519,1.0809978321777778,0.5320073159579333
task2,B,complex,1,1.0,81,81,0.5,0.6031277486291571,1.2062554972583142,0.5403139765279682
task2,B,complex,2,2.0,40,80,0.3333333333333333,0.4372455166026257,1.311736549807877,0.5290625
task2,B,conve,orig,0.0347788750536711,2329,81,0.9663900414937759,0.9753437431129581,1.0092651012890637,0.5754072377802162
task2,B,conve,0.5,0.5,162,81,0.6666666666666666,0.7134815328218442,1.0702222992327663,0.5384849870446579
task2,B,conve,1,1.0,81,81,0.5,0.6319545399181976,1.2639090798363952,0.5989940557841793
task2,B,conve,2,2.0,40,80,0.3333333333333333,0.408778845130885,1.2263365353926552,0.5675000000000001
task2,B,distmult,orig,0.0347788750536711,2329,81,0.9663900414937759,0.9760797840629083,1.0100267409152464,0.5674877682892568
task2,B,distmult,0.5,0.5,162,81,0.6666666666666666,0.7146704377909542,1.0720056566864313,0.5258344764517604
task2,B,distmult,1,1.0,81,81,0.5,0.632825225326101,1.265650450652202,0.588477366255144
task2,B,distmult,2,2.0,40,80,0.3333333333333333,0.48361113374553866,1.450833401236616,0.598125
task2,B,l3,orig,0.0347788750536711,2329,81,0.9663900414937759,0.9742366871383538,1.008119543153041,0.5810446914640417
task2,B,l3,0.5,0.5,162,81,0.6666666666666666,0.7085434327811734,1.0628151491717601,0.5429050449626581
task2,B,l3,1,1.0,81,81,0.5,0.6044034790320619,1.2088069580641239,0.5893156531016613
task2,B,l3,2,2.0,40,80,0.3333333333333333,0.44475246191748363,1.334257385752451,0.5939062500000001
task2,B,pairre,orig,0.0347788750536711,2329,81,0.9663900414937759,0.9776641848938217,1.0116662454246932,0.5842013474760004
task2,B,pairre,0.5,0.5,162,81,0.6666666666666666,0.7279813670217251,1.0919720505325878,0.5446578265508307
task2,B,pairre,1,1.0,81,81,0.5,0.6670220130879623,1.3340440261759245,0.6206370980033531
task2,B,pairre,2,2.0,40,80,0.3333333333333333,0.4239384262901172,1.2718152788703516,0.54125
task2,B,popularity,orig,0.04045441950678858,3609,146,0.9611185086551265,0.9630091008960231,1.001967075052526,0.48675780108328875
task2,B,popularity,0.5,0.5,292,146,0.6666666666666666,0.6965346530217519,1.044801979532628,0.5158800900731845
task2,B,popularity,1,1.0,146,146,0.5,0.5070660514358868,1.0141321028717736,0.4637596171889661
task2,B,popularity,2,2.0,73,146,0.3333333333333333,0.3546390484255006,1.063917145276502,0.4730718708951022
task2,B,ra,orig,0.0347788750536711,2329,81,0.9663900414937759,0.9836048176184138,1.0178134866725534,0.7429405933771184
task2,B,ra,0.5,0.5,162,81,0.6666666666666666,0.8157352131068752,1.223602819660313,0.738073464410913
task2,B,ra,1,1.0,81,81,0.5,0.7202085295834864,1.4404170591669727,0.7481329065691206
task2,B,ra,2,2.0,40,80,0.3333333333333333,0.6104629606237663,1.831388881871299,0.736875
task2,B,random,orig,0.04045441950678858,3609,146,0.9611185086551265,0.9615985723464117,1.0004994843892423,0.5111669076927164
task2,B,random,0.5,0.5,292,146,0.6666666666666666,0.6875913016051285,1.0313869524076928,0.5262713454681929
task2,B,random,1,1.0,146,146,0.5,0.5082130714201336,1.0164261428402672,0.5221899042972415
task2,B,random,2,2.0,73,146,0.3333333333333333,0.35034960655061276,1.0510488196518384,0.5286170013135673
task2,B,rgcn,orig,0.0347788750536711,2329,81,0.9663900414937759,0.9801219423074046,1.0142094808762752,0.6404062571230169
task2,B,rgcn,0.5,0.5,162,81,0.6666666666666666,0.7500980429438249,1.1251470644157373,0.5964029873494894
task2,B,rgcn,1,1.0,81,81,0.5,0.6691596131137709,1.3383192262275418,0.6761164456637707
task2,B,rgcn,2,2.0,40,80,0.3333333333333333,0.47065929497206277,1.4119778849161884,0.6121875000000001
task2,B,rotate,orig,0.0347788750536711,2329,81,0.9663900414937759,0.9772145686199085,1.0112009920025675,0.5989377097148673
task2,B,rotate,0.5,0.5,162,81,0.6666666666666666,0.7285124903612392,1.092768735541859,0.5493827160493828
task2,B,rotate,1,1.0,81,81,0.5,0.6509027573993577,1.3018055147987153,0.6325255296448712
task2,B,rotate,2,2.0,40,80,0.3333333333333333,0.4534827224854804,1.3604481674564413,0.5584374999999999
task2,B,transe,orig,0.0347788750536711,2329,81,0.9663900414937759,0.976984923169967,1.0109633597422156,0.6226484105402096
task2,B,transe,0.5,0.5,162,81,0.6666666666666666,0.727557306708045,1.0913359600620676,0.5915256820606614
task2,B,transe,1,1.0,81,81,0.5,0.633265523503371,1.266531047006742,0.6552354823959762
task2,B,transe,2,2.0,40,80,0.3333333333333333,0.42285736141594116,1.2685720842478236,0.5746875
task2,C50,cn,orig,0.0384180790960452,2655,102,0.9630032644178455,0.9800278870266769,1.0176786759067977,0.7224123924522727
task2,C50,cn,0.5,0.5,204,102,0.6666666666666666,0.8168111303617207,1.2252166955425812,0.726643598615917
task2,C50,cn,1,1.0,102,102,0.5,0.6971303609117506,1.3942607218235012,0.7204440599769321
task2,C50,cn,2,2.0,51,102,0.3333333333333333,0.5436050237088298,1.6308150711264895,0.7201076509034987
task2,C50,complex,orig,0.0384180790960452,2655,102,0.9630032644178455,0.9635189986408048,1.0005355477411295,0.46244230272146525
task2,C50,complex,0.5,0.5,204,102,0.6666666666666666,0.7109869697049156,1.0664804545573734,0.5049500192233756
task2,C50,complex,1,1.0,102,102,0.5,0.4949994555003714,0.9899989110007428,0.44492502883506335
task2,C50,complex,2,2.0,51,102,0.3333333333333333,0.35585609461487744,1.0675682838446323,0.48058439061899266
task2,C50,conve,orig,0.0384180790960452,2655,102,0.9630032644178455,0.951589668687602,0.9881479158462217,0.4498799896606477
task2,C50,conve,0.5,0.5,204,102,0.6666666666666666,0.6202538314228593,0.930380747134289,0.4499711649365629
task2,C50,conve,1,1.0,102,102,0.5,0.44236070542685424,0.8847214108537085,0.4398308342945021
task2,C50,conve,2,2.0,51,102,0.3333333333333333,0.3008308468401145,0.9024925405203436,0.46578239138792765
task2,C50,distmult,orig,0.0384180790960452,2655,102,0.9630032644178455,0.959044955726174,0.9958896206919253,0.4552269118570216
task2,C50,distmult,0.5,0.5,204,102,0.6666666666666666,0.6538822767867288,0.9808234151800933,0.4522299115724721
task2,C50,distmult,1,1.0,102,102,0.5,0.4867313102247265,0.973462620449453,0.45809304113802385
task2,C50,distmult,2,2.0,51,102,0.3333333333333333,0.27930848065334357,0.8379254419600307,0.4117647058823529
task2,C50,l3,orig,0.0384180790960452,2655,102,0.9630032644178455,0.969092342110164,1.006323008360724,0.5173368782541266
task2,C50,l3,0.5,0.5,204,102,0.6666666666666666,0.7283628709766505,1.0925443064649758,0.5450788158400615
task2,C50,l3,1,1.0,102,102,0.5,0.575506619911225,1.15101323982245,0.5307574009996155
task2,C50,l3,2,2.0,51,102,0.3333333333333333,0.37596565580169783,1.1278969674050936,0.5024990388312187
task2,C50,pairre,orig,0.0384180790960452,2655,102,0.9630032644178455,0.9679241317052933,1.0051099175561182,0.5344448137070271
task2,C50,pairre,0.5,0.5,204,102,0.6666666666666666,0.7350543519433471,1.1025815279150208,0.5702614379084967
task2,C50,pairre,1,1.0,102,102,0.5,0.5550757862558044,1.110151572511609,0.5474817377931565
task2,C50,pairre,2,2.0,51,102,0.3333333333333333,0.3559781232777912,1.0679343698333736,0.5130718954248366
task2,C50,popularity,orig,0.04102275920202304,3559,146,0.9605937921727395,0.9623905769365251,1.0018704938324883,0.4884953061310896
task2,C50,popularity,0.5,0.5,292,146,0.6666666666666666,0.6715248786950255,1.0072873180425383,0.48247795083505346
task2,C50,popularity,1,1.0,146,146,0.5,0.5062678524154132,1.0125357048308263,0.4506708575717771
task2,C50,popularity,2,2.0,73,146,0.3333333333333333,0.35897527112709915,1.0769258133812976,0.48522236817414144
task2,C50,ra,orig,0.0384180790960452,2655,102,0.9630032644178455,0.9799728244567285,1.017621497938682,0.7175547431778737
task2,C50,ra,0.5,0.5,204,102,0.6666666666666666,0.8169623911658274,1.2254435867487412,0.7234236831987697
task2,C50,ra,1,1.0,102,102,0.5,0.705815528824717,1.411631057649434,0.719002306805075
task2,C50,ra,2,2.0,51,102,0.3333333333333333,0.5128456462270252,1.5385369386810757,0.704632833525567
task2,C50,random,orig,0.04102275920202304,3559,146,0.9605937921727395,0.9627121993255474,1.0022053100593293,0.5126921137613689
task2,C50,random,0.5,0.5,292,146,0.6666666666666666,0.685544572604192,1.028316858906288,0.5212985550759992
task2,C50,random,1,1.0,146,146,0.5,0.5167029098774407,1.0334058197548814,0.5215800337774441
task2,C50,random,2,2.0,73,146,0.3333333333333333,0.4006357312714155,1.2019071938142465,0.5571401763933195
task2,C50,rgcn,orig,0.0384180790960452,2655,102,0.9630032644178455,0.9752610967375028,1.01272875469126,0.611520992577822
task2,C50,rgcn,0.5,0.5,204,102,0.6666666666666666,0.7770759627506391,1.1656139441259588,0.6292291426374471
task2,C50,rgcn,1,1.0,102,102,0.5,0.667390227360001,1.334780454720002,0.6287966166858902
task2,C50,rgcn,2,2.0,51,102,0.3333333333333333,0.4911962203810076,1.473588661143023,0.6072664359861593
task2,C50,rotate,orig,0.0384180790960452,2655,102,0.9630032644178455,0.9688377815106929,1.0060586680320076,0.563948894058565
task2,C50,rotate,0.5,0.5,204,102,0.6666666666666666,0.7163495556977368,1.0745243335466053,0.5678104575163399
task2,C50,rotate,1,1.0,102,102,0.5,0.5539933211538979,1.1079866423077958,0.572568242983468
task2,C50,rotate,2,2.0,51,102,0.3333333333333333,0.3292001208640086,0.9876003625920259,0.5061514801999231
task2,C50,transe,orig,0.0384180790960452,2655,102,0.9630032644178455,0.9598714514375717,0.996747868780936,0.4985894169343821
task2,C50,transe,0.5,0.5,204,102,0.6666666666666666,0.6891186738889207,1.0336780108333812,0.5381584006151481
task2,C50,transe,1,1.0,102,102,0.5,0.47261719679109926,0.9452343935821985,0.48567858515955403
task2,C50,transe,2,2.0,51,102,0.3333333333333333,0.3115802185480102,0.9347406556440306,0.4838523644752018
task2,C100,cn,orig,0.03831982313927782,2714,104,0.9630943931866572,0.9793948179394631,1.0169250541464285,0.7127501275437901
task2,C100,cn,0.5,0.5,208,104,0.6666666666666666,0.7887285861876052,1.183092879281408,0.6929317677514792
task2,C100,cn,1,1.0,104,104,0.5,0.7061824785745564,1.4123649571491128,0.7333117603550297
task2,C100,cn,2,2.0,52,104,0.3333333333333333,0.4706705331705332,1.4120115995115996,0.66771449704142
task2,C100,complex,orig,0.03831982313927782,2714,104,0.9630943931866572,0.9604923417481007,0.9972982384105187,0.4592781021484043
task2,C100,complex,0.5,0.5,208,104,0.6666666666666666,0.6565592447167256,0.9848388670750884,0.45289386094674555
task2,C100,complex,1,1.0,104,104,0.5,0.5095512242438957,1.0191024484877913,0.47254068047337283
task2,C100,complex,2,2.0,52,104,0.3333333333333333,0.28379877896278094,0.8513963368883428,0.3827662721893491
task2,C100,conve,orig,0.03831982313927782,2714,104,0.9630943931866572,0.9633227784310192,1.0002371369265335,0.4886627742191486
task2,C100,conve,0.5,0.5,208,104,0.6666666666666666,0.6784165732527184,1.0176248598790778,0.4971801035502959
task2,C100,conve,1,1.0,104,104,0.5,0.4431842187422096,0.8863684374844192,0.4184541420118344
task2,C100,conve,2,2.0,52,104,0.3333333333333333,0.34332333901054235,1.029970017031627,0.5059171597633136
task2,C100,distmult,orig,0.03831982313927782,2714,104,0.9630943931866572,0.9673692249807215,1.004438642592363,0.5347202539538575
task2,C100,distmult,0.5,0.5,208,104,0.6666666666666666,0.6893315905570526,1.033997385835579,0.5249167899408285
task2,C100,distmult,1,1.0,104,104,0.5,0.5306023612317581,1.0612047224635162,0.5220968934911242
task2,C100,distmult,2,2.0,52,104,0.3333333333333333,0.3554841862901374,1.0664525588704123,0.4968565088757397
task2,C100,l3,orig,0.03831982313927782,2714,104,0.9630943931866572,0.9685536278941403,1.0056684316159497,0.5112362536137407
task2,C100,l3,0.5,0.5,208,104,0.6666666666666666,0.7061418273208905,1.0592127409813359,0.5073502218934911
task2,C100,l3,1,1.0,104,104,0.5,0.5622600772794974,1.124520154558995,0.5012019230769231
task2,C100,l3,2,2.0,52,104,0.3333333333333333,0.38224353708067677,1.1467306112420304,0.44887204142011833
task2,C100,pairre,orig,0.03831982313927782,2714,104,0.9630943931866572,0.9679827740902196,1.0050757027952244,0.5341392211325888
task2,C100,pairre,0.5,0.5,208,104,0.6666666666666666,0.7088885903624637,1.0633328855436956,0.5404493343195266
task2,C100,pairre,1,1.0,104,104,0.5,0.5472044898416473,1.0944089796832945,0.5311575443786982
task2,C100,pairre,2,2.0,52,104,0.3333333333333333,0.3228994836926974,0.9686984510780922,0.47429733727810647
task2,C100,popularity,orig,0.04160729552579082,3509,146,0.9600547195622435,0.9617436293924706,1.0017591808006499,0.4866458851407535
task2,C100,popularity,0.5,0.5,292,146,0.6666666666666666,0.6928333871912846,1.039250080786927,0.5006215987990241
task2,C100,popularity,1,1.0,146,146,0.5,0.5147690355842554,1.0295380711685107,0.4722274347907675
task2,C100,popularity,2,2.0,73,146,0.3333333333333333,0.3355129113151484,1.0065387339454452,0.4484424845186714
task2,C100,ra,orig,0.03831982313927782,2714,104,0.9630943931866572,0.979344253015544,1.0168725515835677,0.7081833512839408
task2,C100,ra,0.5,0.5,208,104,0.6666666666666666,0.7868999736885461,1.1803499605328194,0.6889792899408285
task2,C100,ra,1,1.0,104,104,0.5,0.7159905763092952,1.4319811526185904,0.7332655325443787
task2,C100,ra,2,2.0,52,104,0.3333333333333333,0.46497663205746376,1.3949298961723913,0.6678994082840236
task2,C100,random,orig,0.04160729552579082,3509,146,0.9600547195622435,0.963432517289265,1.003518338755276,0.5343422198105069
task2,C100,random,0.5,0.5,292,146,0.6666666666666666,0.6894447106317936,1.0341670659476905,0.5424094576843685
task2,C100,random,1,1.0,146,146,0.5,0.5331811542663224,1.0663623085326448,0.5566241321073373
task2,C100,random,2,2.0,73,146,0.3333333333333333,0.3424120503113948,1.0272361509341845,0.4827359729780446
task2,C100,rgcn,orig,0.03831982313927782,2714,104,0.9630943931866572,0.9639748777904009,1.000914224618036,0.56006958222323
task2,C100,rgcn,0.5,0.5,208,104,0.6666666666666666,0.6794893100775948,1.0192339651163924,0.5627311390532543
task2,C100,rgcn,1,1.0,104,104,0.5,0.5734926444613571,1.1469852889227141,0.621301775147929
task2,C100,rgcn,2,2.0,52,104,0.3333333333333333,0.3473568476636525,1.0420705429909576,0.547707100591716
task2,C100,rotate,orig,0.03831982313927782,2714,104,0.9630943931866572,0.9702574196468083,1.007437512367246,0.5783738875347203
task2,C100,rotate,0.5,0.5,208,104,0.6666666666666666,0.7132358215602749,1.0698537323404125,0.5624537721893491
task2,C100,rotate,1,1.0,104,104,0.5,0.5914475028845186,1.1828950057690373,0.6165865384615384
task2,C100,rotate,2,2.0,52,104,0.3333333333333333,0.3454583630525407,1.0363750891576222,0.5173816568047337
task2,C100,transe,orig,0.03831982313927782,2714,104,0.9630943931866572,0.9613541325944737,0.9981930529297077,0.47681183039510233
task2,C100,transe,0.5,0.5,208,104,0.6666666666666666,0.6638342263052901,0.9957513394579351,0.4766087278106509
task2,C100,transe,1,1.0,104,104,0.5,0.4866865144760376,0.9733730289520752,0.4558062130177515
task2,C100,transe,2,2.0,52,104,0.3333333333333333,0.2721337942126778,0.8164013826380334,0.3644600591715977
task2,C500,cn,orig,0.05059631369714492,2767,140,0.9518403852769178,0.9713919972980417,1.0205408515162295,0.6961097630233879
task2,C500,cn,0.5,0.5,280,140,0.6666666666666666,0.8025470999299645,1.2038206498949469,0.7133163265306123
task2,C500,cn,1,1.0,140,140,0.5,0.669934801075354,1.339869602150708,0.6909948979591838
task2,C500,cn,2,2.0,70,140,0.3333333333333333,0.4924429425449834,1.4773288276349503,0.646326530612245
task2,C500,complex,orig,0.05059631369714492,2767,140,0.9518403852769178,0.9493170800327262,0.9973490248121196,0.44210336104083847
task2,C500,complex,0.5,0.5,280,140,0.6666666666666666,0.6579411875644245,0.9869117813466368,0.4497959183673469
task2,C500,complex,1,1.0,140,140,0.5,0.47609551321212945,0.9521910264242589,0.42755102040816334
task2,C500,complex,2,2.0,70,140,0.3333333333333333,0.34641134682719155,1.0392340404815748,0.4454081632653061
task2,C500,conve,orig,0.05059631369714492,2767,140,0.9518403852769178,0.9620674887181679,1.0107445571751767,0.5598998399504362
task2,C500,conve,0.5,0.5,280,140,0.6666666666666666,0.7262040125939312,1.089306018890897,0.5660969387755102
task2,C500,conve,1,1.0,140,140,0.5,0.5607234547830924,1.1214469095661848,0.5529591836734694
task2,C500,conve,2,2.0,70,140,0.3333333333333333,0.41937336746828024,1.2581201024048407,0.5493877551020409
task2,C500,distmult,orig,0.05059631369714492,2767,140,0.9518403852769178,0.9667610559910131,1.0156756016501174,0.5867133047653468
task2,C500,distmult,0.5,0.5,280,140,0.6666666666666666,0.7679747056796191,1.1519620585194288,0.5974234693877551
task2,C500,distmult,1,1.0,140,140,0.5,0.6423721841622212,1.2847443683244424,0.6148979591836735
task2,C500,distmult,2,2.0,70,140,0.3333333333333333,0.4893150572549851,1.4679451717649554,0.6155102040816326
task2,C500,l3,orig,0.05059631369714492,2767,140,0.9518403852769178,0.9595055693177543,1.008053014097113,0.5095861944344056
task2,C500,l3,0.5,0.5,280,140,0.6666666666666666,0.7258792428853909,1.0888188643280863,0.5131249999999999
task2,C500,l3,1,1.0,140,140,0.5,0.6042794224721999,1.2085588449443998,0.5325255102040816
task2,C500,l3,2,2.0,70,140,0.3333333333333333,0.3847328061367199,1.1541984184101597,0.4914795918367347
task2,C500,pairre,orig,0.05059631369714492,2767,140,0.9518403852769178,0.9616664502833052,1.0103232276738592,0.5447415973979038
task2,C500,pairre,0.5,0.5,280,140,0.6666666666666666,0.7346726278965183,1.1020089418447776,0.5640306122448979
task2,C500,pairre,1,1.0,140,140,0.5,0.5533234854634438,1.1066469709268876,0.5421938775510204
task2,C500,pairre,2,2.0,70,140,0.3333333333333333,0.4613255898967695,1.3839767696903085,0.5625510204081633
task2,C500,popularity,orig,0.04696043743969122,3109,146,0.9551459293394777,0.9573893861657883,1.0023488105402512,0.48914552095771446
task2,C500,popularity,0.5,0.5,292,146,0.6666666666666666,0.6613556107953253,0.992033416192988,0.4703274535560143
task2,C500,popularity,1,1.0,146,146,0.5,0.5257836681698348,1.0515673363396696,0.47363482829799214
task2,C500,popularity,2,2.0,73,146,0.3333333333333333,0.3919914554103894,1.1759743662311681,0.5250046913116908
task2,C500,ra,orig,0.05059631369714492,2767,140,0.9518403852769178,0.97135396303594,1.0205008928606714,0.693246940988177
task2,C500,ra,0.5,0.5,280,140,0.6666666666666666,0.801219408177529,1.2018291122662936,0.7090306122448979
task2,C500,ra,1,1.0,140,140,0.5,0.6745129241976149,1.3490258483952298,0.6901530612244898
task2,C500,ra,2,2.0,70,140,0.3333333333333333,0.48099183788364275,1.4429755136509284,0.6423979591836735
task2,C500,random,orig,0.04696043743969122,3109,146,0.9551459293394777,0.9615519248191576,1.0067068238296424,0.5239737042699718
task2,C500,random,0.5,0.5,292,146,0.6666666666666666,0.7073563327610641,1.0610344991415963,0.5364514918371177
task2,C500,random,1,1.0,146,146,0.5,0.5686039640981302,1.1372079281962604,0.5454118971664478
task2,C500,random,2,2.0,73,146,0.3333333333333333,0.43155905223788443,1.2946771567136535,0.5648339275661475
task2,C500,rgcn,orig,0.05059631369714492,2767,140,0.9518403852769178,0.962027927266782,1.0107029940601862,0.594782900511126
task2,C500,rgcn,0.5,0.5,280,140,0.6666666666666666,0.7286780642354731,1.0930170963532098,0.6084948979591837
task2,C500,rgcn,1,1.0,140,140,0.5,0.5511707963245402,1.1023415926490805,0.5619387755102041
task2,C500,rgcn,2,2.0,70,140,0.3333333333333333,0.41123194970519816,1.2336958491155945,0.6191836734693877
task2,C500,rotate,orig,0.05059631369714492,2767,140,0.9518403852769178,0.958031946768324,1.0065048316789005,0.5361350611802365
task2,C500,rotate,0.5,0.5,280,140,0.6666666666666666,0.69760788433315,1.046411826499725,0.5468367346938775
task2,C500,rotate,1,1.0,140,140,0.5,0.5720671490311602,1.1441342980623204,0.5520408163265306
task2,C500,rotate,2,2.0,70,140,0.3333333333333333,0.38031404096602983,1.1409421228980896,0.5282653061224489
task2,C500,transe,orig,0.05059631369714492,2767,140,0.9518403852769178,0.9598532073408246,1.0084182413226517,0.5527285869172388
task2,C500,transe,0.5,0.5,280,140,0.6666666666666666,0.7061651022523576,1.0592476533785364,0.5563775510204082
task2,C500,transe,1,1.0,140,140,0.5,0.5690725152501461,1.1381450305002923,0.5545408163265306
task2,C500,transe,2,2.0,70,140,0.3333333333333333,0.42199443955142174,1.2659833186542653,0.5879591836734693
task4,A,cn,orig,10.0,629,6290,0.09090909090909091,0.10801192643534369,1.1881311907887806,0.5686590874049959
task4,A,cn,0.5,0.5,629,314,0.6670201484623541,0.7122521810769952,1.067812093411139,0.5800937693032111
task4,A,cn,1,1.0,629,629,0.5,0.5539515204164698,1.1079030408329396,0.5737663690062456
task4,A,cn,2,2.0,629,1258,0.3333333333333333,0.3858822058059097,1.1576466174177291,0.5658380956473166
task4,A,cn,5,5.0,629,3145,0.16666666666666666,0.19589443720451247,1.175366623227075,0.5710909637777682
task4,A,cn,10,10.0,629,6290,0.09090909090909091,0.10801192643534369,1.1881311907887806,0.5686590874049959
task4,A,complex,orig,10.0,629,6290,0.09090909090909091,0.5167646379893734,5.684411017883107,0.856702920071479
task4,A,complex,0.5,0.5,629,314,0.6670201484623541,0.9288246648214278,1.392498662840392,0.8569815600538717
task4,A,complex,1,1.0,629,629,0.5,0.8836688205388935,1.767337641077787,0.8639776969525402
task4,A,complex,2,2.0,629,1258,0.3333333333333333,0.7944247897550792,2.383274369265238,0.859484987652948
task4,A,complex,5,5.0,629,3145,0.16666666666666666,0.6366464943219702,3.8198789659318213,0.8575193167543304
task4,A,complex,10,10.0,629,6290,0.09090909090909091,0.5167646379893734,5.684411017883107,0.856702920071479
task4,A,distmult,orig,10.0,629,6290,0.09090909090909091,0.6128219014402975,6.741040915843272,0.9553807618522852
task4,A,distmult,0.5,0.5,629,314,0.6670201484623541,0.9680006454651724,1.4512314923269596,0.957282310410823
task4,A,distmult,1,1.0,629,629,0.5,0.9369456229850068,1.8738912459700137,0.9530053760858961
task4,A,distmult,2,2.0,629,1258,0.3333333333333333,0.8888499355543026,2.666549806662908,0.9569344430936126
task4,A,distmult,5,5.0,629,3145,0.16666666666666666,0.7445764600804116,4.46745876048247,0.9546113774861554
task4,A,distmult,10,10.0,629,6290,0.09090909090909091,0.6128219014402975,6.741040915843272,0.9553807618522852
task4,A,l3,orig,10.0,629,6290,0.09090909090909091,0.04738161779636491,0.521197795760014,0.02173156978169603
task4,A,l3,0.5,0.5,629,314,0.6670201484623541,0.4549687089328596,0.6820914030583254,0.02126011361680151
task4,A,l3,1,1.0,629,629,0.5,0.31066265949715305,0.6213253189943061,0.026986586324470926
task4,A,l3,2,2.0,629,1258,0.3333333333333333,0.19106443128194536,0.5731932938458362,0.02239151149653347
task4,A,l3,5,5.0,629,3145,0.16666666666666666,0.08928374634195069,0.5357024780517041,0.02133651466860109
task4,A,l3,10,10.0,629,6290,0.09090909090909091,0.04738161779636491,0.521197795760014,0.02173156978169603
task4,A,pairre,orig,10.0,629,6290,0.09090909090909091,0.665626370743687,7.321890078180557,0.9397797498237038
task4,A,pairre,0.5,0.5,629,314,0.6670201484623541,0.9677026617807698,1.4507847536713292,0.9428321164926634
task4,A,pairre,1,1.0,629,629,0.5,0.9325305236998536,1.8650610473997071,0.9373952648992394
task4,A,pairre,2,2.0,629,1258,0.3333333333333333,0.8987660312745785,2.696298093823736,0.9425211239482257
task4,A,pairre,5,5.0,629,3145,0.16666666666666666,0.778950069304391,4.673700415826347,0.9389198793856046
task4,A,pairre,10,10.0,629,6290,0.09090909090909091,0.665626370743687,7.321890078180557,0.9397797498237038
task4,A,popularity,orig,10.0,629,6290,0.09090909090909091,0.05012559244371275,0.5513815168808403,0.10661534067500587
task4,A,popularity,0.5,0.5,629,314,0.6670201484623541,0.48178943206923436,0.7223011676332083,0.10408291393679178
task4,A,popularity,1,1.0,629,629,0.5,0.3290588304477594,0.6581176608955188,0.11145078492876118
task4,A,popularity,2,2.0,629,1258,0.3333333333333333,0.2025628246361654,0.6076884739084962,0.1070730788770628
task4,A,popularity,5,5.0,629,3145,0.16666666666666666,0.09467874809739166,0.56807248858435,0.10852388908126306
task4,A,popularity,10,10.0,629,6290,0.09090909090909091,0.05012559244371275,0.5513815168808403,0.10661534067500587
task4,A,ra,orig,10.0,629,6290,0.09090909090909091,0.25120537444924707,2.7632591189417175,0.696589711379761
task4,A,ra,0.5,0.5,629,314,0.6670201484623541,0.8415813989937995,1.261703114866698,0.7092392129859345
task4,A,ra,1,1.0,629,629,0.5,0.729345689195106,1.458691378390212,0.6974024431239432
task4,A,ra,2,2.0,629,1258,0.3333333333333333,0.6133849419723645,1.8401548259170935,0.7005264873964023
task4,A,ra,5,5.0,629,3145,0.16666666666666666,0.38697290209875457,2.3218374125925276,0.6968926375173452
task4,A,ra,10,10.0,629,6290,0.09090909090909091,0.25120537444924707,2.7632591189417175,0.696589711379761
task4,A,random,orig,10.0,629,6290,0.09090909090909091,0.08522388951487701,0.9374627846636471,0.4801921438880197
task4,A,random,0.5,0.5,629,314,0.6670201484623541,0.6576924365273711,0.986015846812895,0.4843549056737517
task4,A,random,1,1.0,629,629,0.5,0.4746957182867759,0.9493914365735519,0.47116957039336166
task4,A,random,2,2.0,629,1258,0.3333333333333333,0.3133429252246506,0.9400287756739519,0.47612734777234916
task4,A,random,5,5.0,629,3145,0.16666666666666666,0.15455623801932167,0.92733742811593,0.4735181641943074
task4,A,random,10,10.0,629,6290,0.09090909090909091,0.08522388951487701,0.9374627846636471,0.4801921438880197
task4,A,rotate,orig,10.0,629,6290,0.09090909090909091,0.540055332280168,5.9406086550818475,0.8656549750910548
task4,A,rotate,0.5,0.5,629,314,0.6670201484623541,0.9333962266870641,1.3993523716469023,0.872970947718044
task4,A,rotate,1,1.0,629,629,0.5,0.8724295249385084,1.744859049877017,0.8614804835697008
task4,A,rotate,2,2.0,629,1258,0.3333333333333333,0.8086975298790462,2.426092589637139,0.8692716376715255
task4,A,rotate,5,5.0,629,3145,0.16666666666666666,0.6696788544722526,4.018073126833516,0.8682452020897734
task4,A,rotate,10,10.0,629,6290,0.09090909090909091,0.540055332280168,5.9406086550818475,0.8656549750910548
task4,A,transe,orig,10.0,629,6290,0.09090909090909091,0.5500773058323911,6.050850364156302,0.910889922935186
task4,A,transe,0.5,0.5,629,314,0.6670201484623541,0.9478013408076819,1.4209485920216918,0.9090103591789616
task4,A,transe,1,1.0,629,629,0.5,0.8959779708839409,1.7919559417678819,0.90841950151779
task4,A,transe,2,2.0,629,1258,0.3333333333333333,0.8374711436473059,2.5124134309419177,0.9123232930864091
task4,A,transe,5,5.0,629,3145,0.16666666666666666,0.6915080232110201,4.149048139266121,0.9113433643125965
task4,A,transe,10,10.0,629,6290,0.09090909090909091,0.5500773058323911,6.050850364156302,0.910889922935186
task4,B,cn,orig,10.009555661729575,6279,62850,0.09083018704161784,0.09279886975518882,1.0216743219153446,0.49788931877963727
task4,B,cn,0.5,0.5,6279,3139,0.6667020598853259,0.6702600241432182,1.0053366630643141,0.49624110486057654
task4,B,cn,1,1.0,6279,6279,0.5,0.505803190764462,1.011606381528924,0.4975536983472337
task4,B,cn,2,2.0,6279,12558,0.3333333333333333,0.3380859850971974,1.0142579552915922,0.5001239098488729
task4,B,cn,5,5.0,6279,31395,0.16666666666666666,0.1701628737488029,1.0209772424928174,0.49775746318258624
task4,B,cn,10,10.0,6279,62790,0.09090909090909091,0.0928856504098073,1.0217421545078802,0.49791588846513124
task4,B,complex,orig,10.009555661729575,6279,62850,0.09083018704161784,0.1795679416332295,1.9769632484732478,0.6990379607594508
task4,B,complex,0.5,0.5,6279,3139,0.6667020598853259,0.799949340328156,1.1998603101147594,0.6961094088260037
task4,B,complex,1,1.0,6279,6279,0.5,0.6743705095721855,1.348741019144371,0.6990574532068955
task4,B,complex,2,2.0,6279,12558,0.3333333333333333,0.5068498216798534,1.5205494650395601,0.6957244234815435
task4,B,complex,5,5.0,6279,31395,0.16666666666666666,0.30151266968958773,1.8090760181375265,0.6985064643262778
task4,B,complex,10,10.0,6279,62790,0.09090909090909091,0.17962563240253687,1.9758819564279055,0.6989618420568378
task4,B,distmult,orig,10.009555661729575,6279,62850,0.09083018704161784,0.5123862049617165,5.641144443828397,0.9495479026640177
task4,B,distmult,0.5,0.5,6279,3139,0.6667020598853259,0.9516369619205721,1.427379663540046,0.9488111511741303
task4,B,distmult,1,1.0,6279,6279,0.5,0.9049976989643463,1.8099953979286927,0.9487717966498166
task4,B,distmult,2,2.0,6279,12558,0.3333333333333333,0.8263832792325261,2.4791498376975785,0.9474110710789911
task4,B,distmult,5,5.0,6279,31395,0.16666666666666666,0.6736270299308253,4.0417621795849525,0.9496243567765618
task4,B,distmult,10,10.0,6279,62790,0.09090909090909091,0.5124204020893015,5.636624422982316,0.9495172417501506
task4,B,l3,orig,10.009555661729575,6279,62850,0.09083018704161784,0.047162366002112696,0.5192366936391223,0.01556341091258597
task4,B,l3,0.5,0.5,6279,3139,0.6667020598853259,0.45298616211895437,0.67944317165732,0.015398547553623246
task4,B,l3,1,1.0,6279,6279,0.5,0.30845099570939327,0.6169019914187865,0.015285837529756182
task4,B,l3,2,2.0,6279,12558,0.3333333333333333,0.19016124318081973,0.5704837295424592,0.015785623951560093
task4,B,l3,5,5.0,6279,31395,0.16666666666666666,0.08894735981458876,0.5336841588875326,0.015534040225039208
task4,B,l3,10,10.0,6279,62790,0.09090909090909091,0.04720477846687929,0.5192525631356721,0.01557282443258471
task4,B,pairre,orig,10.009555661729575,6279,62850,0.09083018704161784,0.2097502131278711,2.309256646490938,0.778016537553738
task4,B,pairre,0.5,0.5,6279,3139,0.6667020598853259,0.8190717772745635,1.2285424428048797,0.7727066830422925
task4,B,pairre,1,1.0,6279,6279,0.5,0.7087396561421633,1.4174793122843266,0.7794901952757329
task4,B,pairre,2,2.0,6279,12558,0.3333333333333333,0.5480024104057826,1.6440072312173477,0.7748896022281428
task4,B,pairre,5,5.0,6279,31395,0.16666666666666666,0.34179106803755216,2.0507464082253133,0.7781719760905037
task4,B,pairre,10,10.0,6279,62790,0.09090909090909091,0.20984402505526958,2.3082842756079653,0.7779812458534493
task4,B,popularity,orig,10.0,6285,62850,0.09090909090909091,0.049666236129166916,0.5463285974208361,0.09953842444126733
task4,B,popularity,0.5,0.5,6285,3142,0.6667020260952583,0.4782142102696862,0.7172832713146112,0.0994604372104376
task4,B,popularity,1,1.0,6285,6285,0.5,0.32543529084908324,0.6508705816981665,0.0995162555085317
task4,B,popularity,2,2.0,6285,12570,0.3333333333333333,0.20056337568843507,0.6016901270653052,0.10100577893470392
task4,B,popularity,5,5.0,6285,31425,0.16666666666666666,0.09364836239544744,0.5618901743726846,0.09969833340611589
task4,B,popularity,10,10.0,6285,62850,0.09090909090909091,0.049666236129166916,0.5463285974208361,0.09953842444126733
task4,B,ra,orig,10.009555661729575,6279,62850,0.09083018704161784,0.19037335948449047,2.0959260977549516,0.5973655843885168
task4,B,ra,0.5,0.5,6279,3139,0.6667020598853259,0.7830720805980306,1.1745457644644453,0.5965284697988272
task4,B,ra,1,1.0,6279,6279,0.5,0.6567645822130815,1.313529164426163,0.5980115173700415
task4,B,ra,2,2.0,6279,12558,0.3333333333333333,0.5015594886405093,1.5046784659215278,0.598133664415681
task4,B,ra,5,5.0,6279,31395,0.16666666666666666,0.30796214934610194,1.8477728960766118,0.5972627901583633
task4,B,ra,10,10.0,6279,62790,0.09090909090909091,0.19049037590515652,2.0953941349567216,0.5973756463432194
task4,B,random,orig,10.0,6285,62850,0.09090909090909091,0.09041368973304019,0.994550587063442,0.49653164933492566
task4,B,random,0.5,0.5,6285,3142,0.6667020260952583,0.6682580685248648,1.0023339398542404,0.4974872730532063
task4,B,random,1,1.0,6285,6285,0.5,0.5016134096700195,1.003226819340039,0.5001869942008128
task4,B,random,2,2.0,6285,12570,0.3333333333333333,0.3320249926226809,0.9960749778680428,0.49543420488858253
task4,B,random,5,5.0,6285,31425,0.16666666666666666,0.16621339364688759,0.9972803618813255,0.49702519352247937
task4,B,random,10,10.0,6285,62850,0.09090909090909091,0.09041368973304019,0.994550587063442,0.49653164933492566
task4,B,rotate,orig,10.009555661729575,6279,62850,0.09083018704161784,0.2024575522600686,2.2289676907447493,0.7717935553890727
task4,B,rotate,0.5,0.5,6279,3139,0.6667020598853259,0.8080869288170326,1.2120660448477167,0.7697258533719882
task4,B,rotate,1,1.0,6279,6279,0.5,0.6901851764568582,1.3803703529137163,0.7703503268325971
task4,B,rotate,2,2.0,6279,12558,0.3333333333333333,0.5336780674606806,1.6010342023820419,0.7676171891932503
task4,B,rotate,5,5.0,6279,31395,0.16666666666666666,0.33090486932560126,1.9854292159536076,0.7717514789348437
task4,B,rotate,10,10.0,6279,62790,0.09090909090909091,0.2025272812773486,2.2278000940508345,0.771727810447975
task4,B,transe,orig,10.009555661729575,6279,62850,0.09083018704161784,0.24650950044726644,2.7139600663193315,0.8005503323766269
task4,B,transe,0.5,0.5,6279,3139,0.6667020598853259,0.8477168051038768,1.2715077035305482,0.7983204633273195
task4,B,transe,1,1.0,6279,6279,0.5,0.7413400052864662,1.4826800105729323,0.7986405286826982
task4,B,transe,2,2.0,6279,12558,0.3333333333333333,0.594786948078157,1.7843608442344712,0.7981813628274917
task4,B,transe,5,5.0,6279,31395,0.16666666666666666,0.3878956453258845,2.327373871955307,0.8002451006688734
task4,B,transe,10,10.0,6279,62790,0.09090909090909091,0.24659463058800432,2.7125409364680473,0.8005351223833119
task4,C,cn,orig,10.017226528854437,1161,11630,0.09076694550856071,0.08957856534987513,0.986907346589365,0.48115831742878873
task4,C,cn,0.5,0.5,1161,580,0.6668581275129236,0.6540588160155149,0.9808065449466076,0.47306647064064866
task4,C,cn,1,1.0,1161,1161,0.5,0.495010484319115,0.99002096863823,0.48197483383670114
task4,C,cn,2,2.0,1161,2322,0.3333333333333333,0.33275846738607623,0.9982754021582287,0.4815452834402016
task4,C,cn,5,5.0,1161,5805,0.16666666666666666,0.16524640614993813,0.9914784368996288,0.48369348055264366
task4,C,cn,10,10.0,1161,11610,0.09090909090909091,0.0897113808691742,0.9868251895609161,0.4810218106254001
task4,C,complex,orig,10.017226528854437,1161,11630,0.09076694550856071,0.12059925104379253,1.328669267959647,0.5269823283660793
task4,C,complex,0.5,0.5,1161,580,0.6668581275129236,0.704658459060401,1.0566842181086633,0.5275178947993704
task4,C,complex,1,1.0,1161,1161,0.5,0.5557499263601502,1.1114998527203004,0.5274114729275676
task4,C,complex,2,2.0,1161,2322,0.3333333333333333,0.39595835373266197,1.187875061197986,0.5217423721419876
task4,C,complex,5,5.0,1161,5805,0.16666666666666666,0.2113226763677176,1.2679360582063057,0.5280448928386752
task4,C,complex,10,10.0,1161,11610,0.09090909090909091,0.12077964903409394,1.3285761393750333,0.5269736876270938
task4,C,distmult,orig,10.017226528854437,1161,11630,0.09076694550856071,0.31601263419479847,3.481582776904106,0.7762646427346782
task4,C,distmult,0.5,0.5,1161,580,0.6668581275129236,0.8599428104208723,1.2895438698903865,0.7704579880602334
task4,C,distmult,1,1.0,1161,1161,0.5,0.7589134774413436,1.5178269548826873,0.7714821565952308
task4,C,distmult,2,2.0,1161,2322,0.3333333333333333,0.6605357087540698,1.9816071262622093,0.7780136966483941
task4,C,distmult,5,5.0,1161,5805,0.16666666666666666,0.4629638797619558,2.777783278571735,0.7775414137772169
task4,C,distmult,10,10.0,1161,11610,0.09090909090909091,0.316575278558166,3.4823280641398258,0.7763419369532785
task4,C,l3,orig,10.017226528854437,1161,11630,0.09076694550856071,0.04755715740651955,0.5239479762160134,0.01414915685546972
task4,C,l3,0.5,0.5,1161,580,0.6668581275129236,0.4547698234746212,0.6819588825747764,0.015392497549674766
task4,C,l3,1,1.0,1161,1161,0.5,0.3107337480484917,0.6214674960969834,0.018549306673017185
task4,C,l3,2,2.0,1161,2322,0.3333333333333333,0.19170859413243932,0.575125782397318,0.016475001131371937
task4,C,l3,5,5.0,1161,5805,0.16666666666666666,0.08963193752728082,0.537791625163685,0.01313474602740072
task4,C,l3,10,10.0,1161,11610,0.09090909090909091,0.04763110804131597,0.5239421884544756,0.014070149511729545
task4,C,pairre,orig,10.017226528854437,1161,11630,0.09076694550856071,0.21584727259887318,2.378038297857181,0.7551100431551949
task4,C,pairre,0.5,0.5,1161,580,0.6668581275129236,0.8198889458221412,1.229480322718646,0.7464670765392496
task4,C,pairre,1,1.0,1161,1161,0.5,0.7071942863466305,1.414388572693261,0.7519847231403027
task4,C,pairre,2,2.0,1161,2322,0.3333333333333333,0.5740759018848057,1.7222277056544173,0.7618309975139492
task4,C,pairre,5,5.0,1161,5805,0.16666666666666666,0.3504512790871787,2.1027076745230726,0.7561368952631498
task4,C,pairre,10,10.0,1161,11610,0.09090909090909091,0.2162564506515601,2.3788209571671612,0.7552486755529441
task4,C,popularity,orig,10.0,1163,11630,0.09090909090909091,0.050160624355132945,0.5517668679064623,0.10245769347072127
task4,C,popularity,0.5,0.5,1163,581,0.6668577981651376,0.4825789314649545,0.7236609256017891,0.10326282405139539
task4,C,popularity,1,1.0,1163,1163,0.5,0.330194068637248,0.660388137274496,0.10903547249715172
task4,C,popularity,2,2.0,1163,2326,0.3333333333333333,0.20297130329091978,0.6089139098727594,0.10474012786039011
task4,C,popularity,5,5.0,1163,5815,0.16666666666666666,0.0944091039175314,0.5664546235051885,0.10048788638509384
task4,C,popularity,10,10.0,1163,11630,0.09090909090909091,0.050160624355132945,0.5517668679064623,0.10245769347072127
task4,C,ra,orig,10.017226528854437,1161,11630,0.09076694550856071,0.16244858450693594,1.7897328548046663,0.5616404973030781
task4,C,ra,0.5,0.5,1161,580,0.6668581275129236,0.756046728786797,1.1337444916604769,0.5530903798746623
task4,C,ra,1,1.0,1161,1161,0.5,0.6225531163548311,1.2451062327096623,0.5623883002045372
task4,C,ra,2,2.0,1161,2322,0.3333333333333333,0.47102407167893023,1.4130722150367907,0.5625368623235337
task4,C,ra,5,5.0,1161,5805,0.16666666666666666,0.2748595499122006,1.6491572994732036,0.5634820586666429
task4,C,ra,10,10.0,1161,11610,0.09090909090909091,0.16270128637253442,1.7897141500978786,0.5615658113494781
task4,C,random,orig,10.0,1163,11630,0.09090909090909091,0.08757253090683503,0.9632978399751854,0.4938533265216044
task4,C,random,0.5,0.5,1163,581,0.6668577981651376,0.6653644173227383,0.9977605707745965,0.496744871637391
task4,C,random,1,1.0,1163,1163,0.5,0.4893110139380929,0.9786220278761858,0.495314471941912
task4,C,random,2,2.0,1163,2326,0.3333333333333333,0.3262975905573212,0.9788927716719636,0.4985886117455006
task4,C,random,5,5.0,1163,5815,0.16666666666666666,0.16123606393910783,0.967416383634647,0.4937590614600808
task4,C,random,10,10.0,1163,11630,0.09090909090909091,0.08757253090683503,0.9632978399751854,0.4938533265216044
task4,C,rotate,orig,10.017226528854437,1161,11630,0.09076694550856071,0.26016957953465825,2.866347193650141,0.7204456160854008
task4,C,rotate,0.5,0.5,1161,580,0.6668581275129236,0.84176009112861,1.2622776215804565,0.7189863078796519
task4,C,rotate,1,1.0,1161,1161,0.5,0.7330867291068232,1.4661734582136463,0.7191541640793487
task4,C,rotate,2,2.0,1161,2322,0.3333333333333333,0.6153511965190868,1.8460535895572603,0.7236642577717833
task4,C,rotate,5,5.0,1161,5805,0.16666666666666666,0.39562720784090066,2.373763247045404,0.7206164159472254
task4,C,rotate,10,10.0,1161,11610,0.09090909090909091,0.26043743766956473,2.864811814365212,0.7204817270448344
task4,C,transe,orig,10.017226528854437,1161,11630,0.09076694550856071,0.1809278312593821,1.9933229023589634,0.6696168393392893
task4,C,transe,0.5,0.5,1161,580,0.6668581275129236,0.7892542769790812,1.1835415126792252,0.6546667557694021
task4,C,transe,1,1.0,1161,1161,0.5,0.6631376823883273,1.3262753647766545,0.6682476198530923
task4,C,transe,2,2.0,1161,2322,0.3333333333333333,0.5078871976861358,1.5236615930584074,0.6714371613766681
task4,C,transe,5,5.0,1161,5805,0.16666666666666666,0.30243277772243804,1.8145966663346282,0.6690397285894352
task4,C,transe,10,10.0,1161,11610,0.09090909090909091,0.18119591356897416,1.9931550492587158,0.6696641346191654
